probe_id,times_selected,mean_importance,median_importance,mean_rank,best_rank,selection_frequency_pct,gene_symbol
1552733_at,20,0.006210979,0.004434007,76.2,26,100.0,KLHDC1
55616_at,20,0.054796834,0.05016303,43.75,3,100.0,PGAP3
1554572_a_at,20,0.003615979,0.0,135.1,30,100.0,SUV39H2
1558448_a_at,20,0.002128104,0.0,110.35,41,100.0,
1558447_at,20,0.005744904,0.0,113.45,20,100.0,
242580_at,20,0.020244,0.008881973,79.05,7,100.0,
236641_at,20,0.0,0.0,140.75,70,100.0,KIF14
213523_at,20,0.0,0.0,228.45,142,100.0,CCNE1
200934_at,20,0.09509426,0.09510681,26.0,2,100.0,DEK
216836_s_at,20,0.007904846,0.0,125.2,12,100.0,ERBB2
218211_s_at,20,0.27219573,0.30031773,14.95,1,100.0,MLPH
213611_at,20,0.058171265,0.045726024,34.95,5,100.0,AQP5
212023_s_at,20,0.0,0.0,228.4,126,100.0,MKI67
212492_s_at,20,0.00039848514,0.0,214.95,50,100.0,KDM4B
218542_at,20,0.0,0.0,169.0,76,100.0,CEP55
211519_s_at,20,0.000600518,0.0,205.55,46,100.0,KIF2C
228868_x_at,20,0.0,0.0,194.3,81,100.0,CDT1
212496_s_at,20,0.0008203484,0.0,211.8,32,100.0,KDM4B
218355_at,20,0.0,0.0,161.5,59,100.0,KIF4A
201710_at,20,0.040197242,0.01913031,61.15,3,100.0,MYBL2
229610_at,20,0.0,0.0,210.8,84,100.0,CKAP2L
229150_at,20,0.09728123,0.084620975,82.6,1,100.0,
228362_s_at,20,0.022173371,0.018625716,90.45,9,100.0,CALHM6
229538_s_at,20,0.0,0.0,215.25,85,100.0,IQGAP3
218447_at,20,0.0058267433,0.0,123.75,16,100.0,CMC2
218769_s_at,20,0.00025809155,0.0,146.85,53,100.0,ANKRA2
218726_at,20,0.0,0.0,156.4,69,100.0,HJURP
201897_s_at,20,0.00028240273,0.0,151.15,52,100.0,CKS1B
220192_x_at,20,8.597556e-05,0.0,123.45,65,100.0,SPDEF
202779_s_at,20,0.0024533763,0.0,108.3,31,100.0,UBE2S
202705_at,20,0.0,0.0,134.4,71,100.0,CCNB2
203358_s_at,20,0.004963464,0.0,103.3,20,100.0,EZH2
226936_at,20,0.0,0.0,176.75,84,100.0,CENPW
227052_at,20,0.0008600289,0.0,173.1,30,100.0,SMIM14
210761_s_at,20,0.055562478,0.0274266,35.95,1,100.0,GRB7
210930_s_at,20,0.27746123,0.22787702,3.0,1,100.0,ERBB2
210735_s_at,20,0.0,0.0,225.4,118,100.0,CA12
209680_s_at,20,0.008107503,0.0,206.55,6,100.0,KIFC1
209642_at,20,0.0021867151,0.0,194.95,18,100.0,BUB1
210052_s_at,20,0.007670626,0.0,191.15,8,100.0,TPX2
209408_at,20,0.0041969456,0.0,157.75,12,100.0,KIF2C
207828_s_at,20,0.0,0.0,201.65,120,100.0,CENPF
220624_s_at,20,0.0002177365,0.0,128.45,40,100.0,ELF5
220651_s_at,20,0.004893992,0.0,116.1,15,100.0,MCM10
219918_s_at,20,0.0013892533,0.0,124.4,21,100.0,ASPM
203554_x_at,20,0.0033720382,0.0,171.3,19,100.0,PTTG1
219497_s_at,20,0.00017458865,0.0,129.2,55,100.0,BCL11A
203418_at,20,0.0052040713,0.0,131.35,15,100.0,CCNA2
228241_at,20,0.0039415536,0.0,162.15,16,100.0,AGR3
202908_at,20,0.0058909515,0.0,93.25,20,100.0,WFS1
202870_s_at,20,0.0,0.0,136.95,74,100.0,CDC20
205548_s_at,20,0.000532763,0.0,175.55,52,100.0,BTG3
221436_s_at,20,0.0033719495,0.0,97.25,25,100.0,CDCA3
223861_at,20,0.0005154573,0.0,130.7,53,100.0,HORMAD1
223491_at,20,0.00061587617,0.0,129.45,42,100.0,COMMD2
224447_s_at,20,0.00992894,0.0063277287,67.4,15,100.0,MIEN1
222039_at,20,0.0,0.0,130.8,47,100.0,KIF18B
222835_at,20,0.0,0.0,137.8,59,100.0,THSD4
205393_s_at,20,0.0001947346,0.0,174.0,60,100.0,CHEK1
226506_at,20,0.0011486354,0.0,137.7,49,100.0,THSD4
204146_at,20,0.0005266393,0.0,192.85,50,100.0,RAD51AP1
204126_s_at,20,0.00783329,0.0,164.1,11,100.0,CDC45
204162_at,20,0.0,0.0,206.9,145,100.0,NDC80
204033_at,20,0.0,0.0,190.85,112,100.0,TRIP13
225834_at,20,0.005233215,0.0,150.0,22,100.0,FAM72A
203963_at,20,0.00065340736,0.0,171.95,37,100.0,CA12
226197_at,20,0.002347181,0.0,154.55,22,100.0,AR
226192_at,20,0.0009044268,0.0,153.35,33,100.0,AR
209603_at,20,0.0015221715,0.0,195.55,30,100.0,GATA3
209604_s_at,20,0.0,0.0,215.3,113,100.0,GATA3
209464_at,20,0.0050153295,0.0,189.3,15,100.0,AURKB
221811_at,20,0.061370213,0.04551526,32.5,3,100.0,PGAP3
233388_at,20,0.00017039233,0.0,141.8,56,100.0,
235786_at,20,0.00048631663,0.0,130.75,53,100.0,
212956_at,20,0.0006247881,0.0,209.6,39,100.0,TBC1D9
212960_at,20,0.0,0.0,224.05,137,100.0,TBC1D9
234354_x_at,20,0.16637611,0.20165008,18.85,2,100.0,ERBB2
232322_x_at,20,0.14338595,0.14742672,7.85,4,100.0,STARD10
232944_at,20,0.0,0.0,148.85,62,100.0,
225327_at,20,0.0007813837,0.0,145.85,53,100.0,ATOSA
215304_at,20,0.00033284788,0.0,196.6,45,100.0,
215593_at,20,0.016599193,0.012104577,66.05,17,100.0,
205225_at,20,0.15170455,0.14881623,16.0,1,100.0,ESR1
214431_at,20,0.0013593932,0.0,193.15,36,100.0,GMPS
215616_s_at,20,0.00062263757,0.0,195.8,47,100.0,KDM4B
215867_x_at,20,0.0,0.0,213.3,93,100.0,CA12
213226_at,20,0.0017075583,0.0,195.2,33,100.0,CCNA2
214164_x_at,20,0.000524992,0.0,198.05,55,100.0,CA12
223204_at,20,0.00016177344,0.0,125.55,50,100.0,GASK1B
232796_at,20,0.00038050814,0.0,150.25,45,100.0,
204508_s_at,20,0.000762765,0.0,186.3,42,100.0,CA12
204825_at,20,0.0025354768,0.0,175.95,19,100.0,MELK
204962_s_at,20,0.0,0.0,188.65,105,100.0,SLC35F6
206364_at,20,0.016465208,0.0,148.15,8,100.0,KIF14
223307_at,20,0.0,0.0,132.75,48,100.0,CDCA3
205394_at,20,0.0,0.0,183.2,114,100.0,CHEK1
204822_at,20,0.00019680634,0.0,183.75,58,100.0,TTK
205046_at,20,0.002014997,0.0,163.8,25,100.0,CENPE
224428_s_at,20,0.0,0.0,142.4,58,100.0,CDCA7
224753_at,20,0.027213473,0.012394249,72.75,4,100.0,CDCA5
237086_at,19,0.00048130026,0.0,145.78947368421052,40,95.0,FOXA1
217383_at,19,0.0,0.0,201.31578947368422,63,95.0,PGK1
212021_s_at,19,0.008000809,0.0,182.05263157894737,10,95.0,MKI67
212195_at,19,0.007267347,0.0,173.3684210526316,15,95.0,IL6ST
218755_at,19,0.0057195975,0.0,137.10526315789474,9,95.0,KIF20A
216092_s_at,19,0.0,0.0,212.0,94,95.0,SLC7A8
205730_s_at,19,0.00072790985,0.0,181.73684210526315,44,95.0,ABLIM3
202088_at,19,0.0005308295,0.0,148.78947368421052,34,95.0,SLC39A6
225687_at,19,0.011170755,0.0,139.52631578947367,13,95.0,SACK1D
209002_s_at,19,0.004310871,0.004903585,126.6842105263158,33,95.0,CALCOCO1
204092_s_at,19,0.21937576,0.19825898,21.36842105263158,1,95.0,AURKA
221520_s_at,19,0.0001534305,0.0,128.05263157894737,59,95.0,CDCA8
233520_s_at,19,0.0007831284,0.0,135.68421052631578,46,95.0,CMYA5
209747_at,19,0.00011452051,0.0,218.42105263157896,64,95.0,TGFB3
228718_at,19,0.0,0.0,188.8421052631579,79,95.0,ZNF44
229543_at,19,0.0030516605,0.0,182.3684210526316,20,95.0,
210085_s_at,19,0.011931551,0.0073734345,85.15789473684211,11,95.0,ANXA9
220054_at,19,0.037008338,0.033111755,24.105263157894736,8,95.0,IL23A
208103_s_at,19,0.000252482,0.0,198.42105263157896,52,95.0,ANP32E
212495_at,18,0.0003365558,0.0,221.61111111111111,49,90.0,KDM4B
208682_s_at,18,0.00028321453,0.0,197.33333333333334,53,90.0,MAGED2
227811_at,18,0.000683076,0.0,160.66666666666666,48,90.0,FGD3
211000_s_at,18,0.005022081,0.0,191.38888888888889,20,90.0,IL6ST
203362_s_at,18,0.0022592354,0.0,136.94444444444446,20,90.0,MAD2L1
227533_at,18,0.0006062849,0.0,182.16666666666666,43,90.0,RALGPS2
228273_at,18,0.005870716,0.0,183.66666666666666,5,90.0,PRR11
218663_at,18,0.0,0.0,156.16666666666666,71,90.0,NCAPG
209843_s_at,18,0.0016085678,0.0,186.38888888888889,45,90.0,SOX10
212419_at,18,0.0,0.0,228.27777777777777,141,90.0,ZCCHC24
209459_s_at,18,0.0014882162,0.0,187.38888888888889,33,90.0,ABAT
204318_s_at,18,0.0,0.0,213.77777777777777,147,90.0,GTSE1
204603_at,18,0.0,0.0,219.05555555555554,154,90.0,EXO1
204863_s_at,18,0.0022643746,0.0,165.55555555555554,21,90.0,IL6ST
213134_x_at,18,0.000627659,0.0,200.16666666666666,47,90.0,BTG3
1568574_x_at,18,0.003807135,0.0,156.11111111111111,17,90.0,SPP1
235046_at,18,0.017451279,0.0,102.94444444444444,7,90.0,INPP4B
222608_s_at,17,0.0,0.0,133.2941176470588,54,85.0,ANLN
214404_x_at,17,0.00023840775,0.0,210.1764705882353,55,85.0,SPDEF
40016_g_at,17,0.0006406596,0.0,152.88235294117646,44,85.0,MAST4
243735_at,17,0.0,0.0,144.11764705882354,88,85.0,ELP2
202580_x_at,17,0.00085938146,0.0,138.52941176470588,49,85.0,FOXM1
222845_x_at,17,0.0,0.0,132.05882352941177,58,85.0,TMBIM4
202991_at,17,0.0551914,0.059582148,16.294117647058822,9,85.0,STARD3
219555_s_at,17,0.019178879,0.009493335,81.6470588235294,7,85.0,CENPN
1554493_s_at,17,0.0063730218,0.003337863,112.88235294117646,14,85.0,THADA
229490_s_at,17,0.0,0.0,212.05882352941177,92,85.0,
209460_at,17,0.0005287634,0.0,190.64705882352942,41,85.0,ABAT
212949_at,16,0.0002413885,0.0,214.75,75,80.0,NCAPH
225421_at,16,0.013387838,0.0112093985,78.0,15,80.0,PM20D2
209602_s_at,16,0.0,0.0,220.5625,119,80.0,GATA3
203805_s_at,16,0.011073308,0.0,137.3125,10,80.0,FANCA
228969_at,16,0.020465188,0.004784957,110.0,6,80.0,AGR2
219105_x_at,16,0.0,0.0,142.75,64,80.0,ORC6
228956_at,16,0.018109351,0.0,138.5,9,80.0,UGT8
211767_at,16,0.00029351652,0.0,206.6875,54,80.0,GINS4
228708_at,16,0.0,0.0,187.0,87,80.0,RAB27B
227232_at,16,0.0,0.0,176.8125,84,80.0,EVL
203755_at,16,0.0003190829,0.0,173.625,49,80.0,BUB1B
226030_at,16,0.0008086029,0.0,145.25,46,80.0,ACADSB
219867_at,16,0.026194846,0.023364028,51.375,11,80.0,CHODL
222453_at,16,0.0011508733,0.0,121.4375,27,80.0,CYBRD1
211712_s_at,16,0.00184272,0.0,183.5625,29,80.0,ANXA9
242555_at,16,0.0022742767,0.0,121.1875,29,80.0,HDIP1
242628_at,16,0.009094527,0.003406361,92.9375,11,80.0,
230645_at,16,0.00025004603,0.0,207.8125,57,80.0,FRMD3
206538_at,16,0.00027062462,0.0,190.625,55,80.0,MRAS
224925_at,15,0.0,0.0,154.8,69,75.0,PREX1
214249_at,15,0.019292034,0.01405098,107.73333333333333,12,75.0,TRIM2
1559258_a_at,15,0.00090864045,0.0,154.06666666666666,51,75.0,CT83
223523_at,15,0.03770146,0.019366298,33.2,7,75.0,TMEM108
204650_s_at,15,0.0,0.0,203.33333333333334,100,75.0,APBB3
222760_at,15,0.00029345564,0.0,133.73333333333332,51,75.0,ZNF703
227363_s_at,15,0.0031583002,0.0,169.2,13,75.0,EMC8
230142_s_at,15,0.002593834,0.0,204.13333333333333,21,75.0,CIRBP
202107_s_at,15,0.00034865455,0.0,143.4,50,75.0,MCM2
231094_s_at,15,0.00046621964,0.0,193.33333333333334,40,75.0,LOC101928195
1564651_at,15,0.0018900054,0.0,113.13333333333334,34,75.0,SMIM13
223103_at,15,0.0,0.0,137.46666666666667,51,75.0,STARD10
214440_at,14,0.0012856739,0.0,174.21428571428572,47,70.0,NAT1
214240_at,14,0.0,0.0,227.5,145,70.0,GAL
223892_s_at,14,0.0,0.0,135.78571428571428,56,70.0,TMBIM4
221591_s_at,14,0.0,0.0,144.21428571428572,74,70.0,PIMREG
203968_s_at,14,0.044472884,0.013664415,70.78571428571429,7,70.0,CDC6
210908_s_at,14,0.0012981811,0.0,188.78571428571428,36,70.0,PFDN5
226120_at,14,0.0,0.0,156.42857142857142,81,70.0,TTC8
202613_at,14,0.0018055848,0.0,111.64285714285714,27,70.0,CTPS1
211042_x_at,14,0.0005270461,0.0,225.21428571428572,42,70.0,MCAM
244407_at,14,0.0028662123,0.0,138.5,32,70.0,CYP39A1
202240_at,14,0.00027171956,0.0,141.5,70,70.0,PLK1
205240_at,14,0.00042388783,0.0,175.71428571428572,60,70.0,GPSM2
231938_at,14,0.0,0.0,186.42857142857142,57,70.0,SGO1
218976_at,14,0.0030163813,0.0,91.14285714285714,24,70.0,DNAJC12
237968_at,14,0.0,0.0,142.0,73,70.0,ATL2
238865_at,14,0.00026586652,0.0,162.71428571428572,58,70.0,PABPC4L
1559051_s_at,14,0.0004333367,0.0,143.07142857142858,47,70.0,CGAS
238931_at,14,0.0048168343,0.0,118.57142857142857,11,70.0,LOC284009
231698_at,14,0.0,0.0,197.35714285714286,63,70.0,
212099_at,14,0.0010540329,0.0,214.21428571428572,32,70.0,RHOB
202095_s_at,13,0.0,0.0,159.6153846153846,72,65.0,BIRC5
217938_s_at,13,0.00022672986,0.0,177.23076923076923,65,65.0,KCMF1
218497_s_at,13,0.0,0.0,172.46153846153845,62,65.0,RNASEH1
220865_s_at,13,0.00023614489,0.0,115.92307692307692,54,65.0,PDSS1
209342_s_at,13,0.002621446,0.0,171.92307692307693,29,65.0,IKBKB
204023_at,13,0.00018847914,0.0,198.0,57,65.0,RFC4
212022_s_at,13,0.006971025,0.0,206.30769230769232,10,65.0,MKI67
214772_at,13,0.007543361,0.0,125.07692307692308,18,65.0,KIAA1549L
200810_s_at,13,0.0019364365,0.0,148.30769230769232,37,65.0,CIRBP
234222_at,13,0.0,0.0,149.23076923076923,68,65.0,
200811_at,13,0.0020255593,0.0,151.92307692307693,35,65.0,CIRBP
235956_at,13,0.0018995987,0.0,111.15384615384616,43,65.0,CEP126
204641_at,13,0.0,0.0,214.0,155,65.0,NEK2
204862_s_at,13,0.004895612,0.0,127.23076923076923,23,65.0,NME3
223700_at,13,0.03922639,0.0,101.07692307692308,1,65.0,MND1
225330_at,12,0.0,0.0,139.91666666666666,71,60.0,IGF1R
203380_x_at,12,0.011554919,0.0075941104,70.33333333333333,19,60.0,SRSF5
236496_at,12,0.0,0.0,146.58333333333334,69,60.0,DEGS2
213441_x_at,12,0.00044635442,0.0,228.33333333333334,49,60.0,SPDEF
202954_at,12,0.026036708,0.010613609,76.08333333333333,5,60.0,UBE2C
209173_at,12,0.002553517,0.0,172.16666666666666,24,60.0,AGR2
232278_s_at,12,0.0,0.0,163.25,75,60.0,DEPDC1
237339_at,12,0.0037531226,0.0,150.91666666666666,18,60.0,LINC00993
205448_s_at,12,0.0030631053,0.0,158.0,21,60.0,MAP3K12
205201_at,12,0.0006175954,0.0,193.91666666666666,42,60.0,GLI3
212970_at,11,0.0,0.0,240.27272727272728,138,55.0,APBB2
222962_s_at,11,0.0,0.0,144.45454545454547,56,55.0,MCM10
201291_s_at,11,0.0,0.0,178.54545454545453,62,55.0,TOP2A
232282_at,11,0.014524958,0.0046403455,67.72727272727273,11,55.0,WNK3
218662_s_at,11,0.0,0.0,176.8181818181818,80,55.0,NCAPG
212985_at,11,0.0,0.0,250.27272727272728,151,55.0,APBB2
230060_at,11,0.00027638706,0.0,196.8181818181818,59,55.0,CDCA7
204208_at,11,0.0,0.0,198.45454545454547,146,55.0,RNGTT
221677_s_at,11,0.01662737,0.0094250655,67.27272727272727,15,55.0,DONSON
210567_s_at,11,0.0,0.0,236.0909090909091,140,55.0,SKP2
209535_s_at,11,0.00048295147,0.0,214.36363636363637,50,55.0,
228559_at,11,0.000664045,0.0,173.72727272727272,44,55.0,CENPN
218009_s_at,11,0.0005529882,0.0,164.0,44,55.0,PRC1
219000_s_at,11,0.0,0.0,160.0,69,55.0,DSCC1
219455_at,11,0.019472014,0.003792288,89.0909090909091,10,55.0,CFAP69
201381_x_at,11,0.008982393,0.0,84.9090909090909,16,55.0,CACYBP
221258_s_at,10,0.0017290426,0.0,104.6,28,50.0,KIF18A
225379_at,10,0.00753017,0.0,123.8,12,50.0,MAPT
211110_s_at,10,0.0011257274,0.0,183.3,61,50.0,AR
212020_s_at,10,0.0,0.0,248.1,151,50.0,MKI67
211762_s_at,10,0.021370567,0.008747985,132.8,10,50.0,KPNA2
226961_at,10,0.042263947,0.01120623,87.0,5,50.0,PRR15
205381_at,10,0.00051853067,0.0,176.2,65,50.0,LRRC17
1568813_at,10,0.014166623,0.0066429675,72.0,19,50.0,SLC16A1-AS1
232210_at,10,0.0,0.0,180.6,66,50.0,
223259_at,10,0.013665011,0.012341993,59.8,19,50.0,ORMDL3
225191_at,10,0.0,0.0,160.1,56,50.0,CIRBP
205376_at,10,0.04821146,0.020015467,67.6,2,50.0,INPP4B
222958_s_at,10,0.0,0.0,139.4,52,50.0,DEPDC1
218039_at,10,0.0,0.0,154.9,69,50.0,NUSAP1
202089_s_at,10,0.000754833,0.0,161.1,36,50.0,SLC39A6
219006_at,10,0.00092351716,0.0,119.1,41,50.0,NDUFAF4
209644_x_at,10,0.0008382052,0.0,199.6,35,50.0,CDKN2A
209773_s_at,10,0.0,0.0,229.2,116,50.0,RRM2
201342_at,10,0.0,0.0,158.9,62,50.0,SNRPC
229360_at,10,0.0031186235,0.0,159.6,31,50.0,ZNF280B
210683_at,10,0.005012849,0.0,176.3,29,50.0,NRTN
218319_at,10,0.08084668,0.06828813,22.3,4,50.0,PELI1
217838_s_at,10,0.0005416687,0.0,211.4,45,50.0,EVL
1555270_a_at,10,0.016588088,0.007453327,74.8,13,50.0,WFS1
217465_at,10,0.0,0.0,200.6,65,50.0,NCKAP1
203535_at,10,0.00086598797,0.0,149.7,44,50.0,S100A9
219498_s_at,10,0.00043272926,0.0,133.9,51,50.0,BCL11A
244689_at,9,0.007061456,0.0,103.55555555555556,21,45.0,PPARA
202200_s_at,9,0.0,0.0,155.66666666666666,69,45.0,SRPK1
212660_at,9,0.00088112406,0.0,190.33333333333334,48,45.0,JADE2
206009_at,9,0.0034370879,0.0,137.55555555555554,28,45.0,ITGA9
243748_at,9,0.004796664,0.0,111.0,23,45.0,
201124_at,9,0.00032770677,0.0,161.44444444444446,56,45.0,ITGB5
201114_x_at,9,0.028220765,0.0,94.22222222222223,4,45.0,PSMA7
233445_at,9,0.0115303155,0.010594884,40.333333333333336,22,45.0,
234294_x_at,9,0.0,0.0,163.55555555555554,96,45.0,GATAD2A
206102_at,9,0.0,0.0,178.33333333333334,117,45.0,GINS1
223055_s_at,9,0.0,0.0,140.77777777777777,55,45.0,XPO5
232065_x_at,9,0.0,0.0,185.88888888888889,90,45.0,CENPL
225439_at,9,0.0025464948,0.0,163.11111111111111,26,45.0,NUDCD1
215942_s_at,9,0.0,0.0,212.33333333333334,177,45.0,GTSE1
214700_x_at,9,0.003357271,0.0,188.0,28,45.0,RIF1
213121_at,9,0.00035279413,0.0,198.88888888888889,61,45.0,SNRNP70
217892_s_at,9,0.0029262071,0.0,141.77777777777777,31,45.0,LIMA1
1554696_s_at,9,0.0,0.0,163.0,58,45.0,TYMS
211621_at,9,0.002042626,0.0,215.11111111111111,32,45.0,AR
203628_at,9,0.0034193236,0.0,119.44444444444444,35,45.0,IGF1R
227620_at,9,0.00052019756,0.0,159.88888888888889,56,45.0,SLC44A1
226661_at,9,0.0,0.0,172.11111111111111,92,45.0,CDCA2
209172_s_at,9,0.005584908,0.0,153.77777777777777,15,45.0,CENPF
202808_at,9,0.0034395254,0.0,107.88888888888889,25,45.0,WBP1L
203145_at,9,0.0046979617,0.0,134.33333333333334,27,45.0,SPAG5
218966_at,9,0.0011835835,0.0,87.22222222222223,51,45.0,MYO5C
222077_s_at,9,0.0,0.0,137.88888888888889,49,45.0,RACGAP1
233955_x_at,8,0.028983654,0.016253697,65.875,9,40.0,CXXC5
225912_at,8,0.0,0.0,188.625,98,40.0,TP53INP1
219978_s_at,8,0.0,0.0,132.75,75,40.0,NUSAP1
203928_x_at,8,0.0,0.0,179.125,109,40.0,MAPT
225724_at,8,0.0037924773,0.0,147.75,26,40.0,PSMA3-AS1
204061_at,8,0.0,0.0,206.375,163,40.0,PRKX
225981_at,8,0.002094612,0.0,125.625,36,40.0,HID1
227522_at,8,0.00047191864,0.0,151.75,77,40.0,CMBL
201770_at,8,0.0,0.0,146.375,66,40.0,SNRPA
219197_s_at,8,0.00093175494,0.0,136.75,39,40.0,SCUBE2
212423_at,8,0.0,0.0,243.25,142,40.0,ZCCHC24
204767_s_at,8,0.0,0.0,194.25,104,40.0,FEN1
205819_at,8,0.0,0.0,199.0,123,40.0,MARCO
205355_at,8,0.0,0.0,181.625,118,40.0,ACADSB
204709_s_at,8,0.00081560924,0.0,179.0,37,40.0,KIF23
222891_s_at,8,0.0006669124,0.0,109.5,53,40.0,BCL11A
1557611_at,8,0.0038747117,0.0040789563,98.5,42,40.0,TTLL4
203696_s_at,8,0.0,0.0,196.5,70,40.0,RFC2
219844_at,8,0.0010706697,0.0,125.875,41,40.0,CCDC186
230141_at,8,0.0,0.0,202.0,86,40.0,ARID4A
227376_at,8,0.0,0.0,199.25,63,40.0,GLI3
207132_x_at,7,0.00074575766,0.0,179.71428571428572,50,35.0,PFDN5
224989_at,7,0.0,0.0,174.57142857142858,85,35.0,SMIM14
223229_at,7,0.083451934,0.033957418,25.857142857142858,2,35.0,UBE2T
213260_at,7,0.0,0.0,247.14285714285714,237,35.0,FOXC1
200711_s_at,7,0.005114702,0.0,110.71428571428571,21,35.0,SKP1
200670_at,7,0.0,0.0,175.0,80,35.0,XBP1
232855_at,7,0.0,0.0,135.85714285714286,61,35.0,
212745_s_at,7,0.0009945164,0.0,188.28571428571428,56,35.0,BBS4
212638_s_at,7,0.0007097108,0.0,212.14285714285714,50,35.0,WWP1
215223_s_at,7,0.0006471365,0.0,188.42857142857142,54,35.0,SOD2-OT1
1053_at,7,0.003588489,0.0045236503,57.714285714285715,42,35.0,RFC2
226597_at,7,0.0,0.0,175.42857142857142,103,35.0,REEP6
226752_at,7,0.0,0.0,128.71428571428572,71,35.0,FAM174A
203685_at,7,0.007712744,0.0,136.0,20,35.0,BCL2
208358_s_at,7,0.0,0.0,216.0,122,35.0,UGT8
208079_s_at,7,0.0028748203,0.0,143.0,26,35.0,AURKA
207165_at,7,0.0,0.0,222.85714285714286,120,35.0,HMMR
203571_s_at,7,0.0,0.0,172.42857142857142,74,35.0,ADIRF
208451_s_at,7,0.0,0.0,242.85714285714286,130,35.0,C4B
226980_at,7,0.0020662276,0.0,130.14285714285714,29,35.0,DEPDC1B
226473_at,7,0.0010710349,0.0,123.57142857142857,46,35.0,CBX2
204315_s_at,7,0.0,0.0,193.85714285714286,165,35.0,GTSE1
226302_at,7,0.0,0.0,171.85714285714286,124,35.0,ATP8B1
203967_at,7,0.016088177,0.0071889926,76.28571428571429,14,35.0,CDC6
201508_at,7,0.0013483021,0.0,166.14285714285714,41,35.0,IGFBP4
218518_at,7,0.0007828491,0.0,147.85714285714286,49,35.0,FAM13B
201388_at,7,0.03529031,0.034539163,22.714285714285715,12,35.0,PSMD3
200783_s_at,6,0.00091691106,0.0,185.0,47,30.0,STMN1
1569867_at,6,0.08766788,0.07849482,28.166666666666668,3,30.0,EME2
243074_at,6,0.0,0.0,132.66666666666666,86,30.0,
214769_at,6,0.0,0.0,214.0,173,30.0,CLCN4
202233_s_at,6,0.013201416,0.012628905,126.5,22,30.0,UQCRH
242549_at,6,0.00022364377,0.0,134.33333333333334,63,30.0,PRKD3
226992_at,6,0.0,0.0,176.16666666666666,85,30.0,NOSTRIN
204045_at,6,0.001464218,0.0,135.33333333333334,43,30.0,TCEAL1
203746_s_at,6,0.0,0.0,165.66666666666666,112,30.0,HCCS
203214_x_at,6,0.0,0.0,127.83333333333333,66,30.0,CDK1
202962_at,6,0.0025820832,0.0,103.66666666666667,37,30.0,KIF13B
201394_s_at,6,0.0,0.0,155.0,63,30.0,RBM5
215397_x_at,6,0.0,0.0,205.0,109,30.0,
215086_at,6,0.011220147,0.004258635,117.16666666666667,20,30.0,IBTK
219031_s_at,6,0.0,0.0,179.16666666666666,60,30.0,NIP7
210691_s_at,6,0.0,0.0,256.5,141,30.0,CACYBP
210466_s_at,6,0.011617732,0.0023631041,139.16666666666666,15,30.0,SERBP1
210092_at,6,0.018408494,0.018292008,72.33333333333333,17,30.0,MAGOH
244384_at,6,0.0,0.0,115.0,89,30.0,
201088_at,6,0.0,0.0,127.66666666666667,105,30.0,KPNA2
208788_at,6,0.0037547927,0.0,172.5,35,30.0,ELOVL5
209313_at,6,0.0,0.0,221.16666666666666,132,30.0,GPN1
222680_s_at,6,0.0,0.0,82.33333333333333,57,30.0,DTL
222843_at,6,0.0024130768,0.0,104.33333333333333,37,30.0,FIGNL1
221505_at,6,0.0,0.0,161.0,88,30.0,ANP32E
222087_at,6,0.013998908,0.008849645,47.5,18,30.0,MIR1204
204887_s_at,6,0.0009833536,0.0,161.5,46,30.0,PLK4
225611_at,6,0.0,0.0,150.66666666666666,74,30.0,MAST4
217418_x_at,6,0.0,0.0,200.16666666666666,64,30.0,MS4A1
209842_at,6,0.00350852,0.0,226.5,29,30.0,SOX10
217310_s_at,6,0.0006696815,0.0,169.16666666666666,54,30.0,FOXJ3
218195_at,5,0.0,0.0,157.0,71,25.0,DCPH1
226358_at,5,0.0075343447,0.0,123.8,24,25.0,APH1B
218057_x_at,5,0.0015552271,0.0,144.4,40,25.0,EMC8
201795_at,5,0.0,0.0,151.2,67,25.0,LBR
242870_at,5,0.0,0.0,157.6,103,25.0,
243341_at,5,0.0,0.0,128.0,88,25.0,
202636_at,5,0.001963926,0.0,135.0,42,25.0,RNF103
241494_at,5,0.0,0.0,142.6,84,25.0,
240242_at,5,0.006799663,0.0,114.2,29,25.0,
231002_s_at,5,0.0,0.0,226.4,114,25.0,RABEP1
227982_at,5,0.0,0.0,185.8,131,25.0,SEPSECS
203612_at,5,0.0012354215,0.0,181.0,50,25.0,BYSL
214710_s_at,5,0.0,0.0,183.6,105,25.0,CCNB1
214428_x_at,5,0.0,0.0,236.2,172,25.0,C4B
214858_at,5,0.0684376,0.08771467,28.8,7,25.0,GPC1-AS1
40093_at,5,0.0013886187,0.0,140.2,45,25.0,BCAM
212266_s_at,5,0.008716022,0.0038403547,111.0,26,25.0,SRSF5
211986_at,5,0.0,0.0,247.8,149,25.0,AHNAK
201236_s_at,5,0.006663768,0.0048570014,135.6,34,25.0,BTG2
232451_at,5,0.0,0.0,157.6,123,25.0,
219440_at,5,0.0014189451,0.0,117.8,38,25.0,RAI2
210758_at,5,0.00064694014,0.0,192.0,62,25.0,PSIP1
209709_s_at,5,0.0,0.0,228.2,135,25.0,HMMR
210093_s_at,5,0.020623261,0.018593423,59.0,18,25.0,MAGOH
208628_s_at,5,0.0,0.0,161.6,125,25.0,YBX1
223864_at,5,0.0045294277,0.0,158.4,24,25.0,ANKRD30A
224903_at,5,0.0,0.0,144.4,62,25.0,UTP4
216237_s_at,5,0.0,0.0,241.0,184,25.0,MCM5
204823_at,5,0.0,0.0,192.0,102,25.0,NAV3
203702_s_at,5,0.0,0.0,172.4,105,25.0,TTLL4
204067_at,5,0.0015947933,0.0,143.4,43,25.0,SUOX
215108_x_at,5,0.0,0.0,182.4,107,25.0,TOX3
205339_at,5,0.0,0.0,183.2,113,25.0,STIL
222781_s_at,5,0.00043415447,0.0,117.0,58,25.0,C9orf40
223381_at,5,0.0,0.0,131.8,60,25.0,NUF2
205009_at,5,0.001568502,0.0,172.6,51,25.0,TFF1
1554271_a_at,5,0.0,0.0,182.4,64,25.0,CENPL
225134_at,5,0.021101069,0.010495452,34.0,13,25.0,SPRYD3
216212_s_at,5,0.0,0.0,225.2,177,25.0,MIR664B
228768_at,4,0.0011501957,0.0,160.75,56,20.0,FNIP1
229381_at,4,0.0,0.0,258.5,220,20.0,SRARP
1556923_at,4,0.0045317607,0.003849432,109.0,41,20.0,
202094_at,4,0.0,0.0,163.0,111,20.0,BIRC5
1570001_at,4,0.0,0.0,162.0,61,20.0,CASP8AP2
1559078_at,4,0.0,0.0,154.75,65,20.0,
201596_x_at,4,0.00081357587,0.0,169.0,53,20.0,KRT18
228554_at,4,0.007836299,0.0041020378,88.0,26,20.0,PGR
217979_at,4,0.0,0.0,185.5,67,20.0,TSPAN13
204060_s_at,4,0.0,0.0,212.25,162,20.0,PRKY
226528_at,4,0.0,0.0,131.25,82,20.0,MTX3
227103_s_at,4,0.0,0.0,163.0,89,20.0,ECE2
202752_x_at,4,0.0004941099,0.0,152.75,64,20.0,SLC7A8
202589_at,4,0.0,0.0,140.5,75,20.0,TYMS
221139_s_at,4,0.0,0.0,125.5,87,20.0,CSAD
221203_s_at,4,0.0,0.0,86.5,73,20.0,YEATS2
225613_at,4,0.0,0.0,108.0,76,20.0,MAST4
225300_at,4,0.0,0.0,187.25,136,20.0,KNSTRN
213310_at,4,0.0,0.0,232.5,165,20.0,AGO2
221946_at,4,0.0,0.0,133.5,43,20.0,PIERCE1
205350_at,4,0.0,0.0,189.25,138,20.0,CRABP1
221880_s_at,4,0.030368516,0.00843096,44.25,9,20.0,FAM174B
205044_at,4,0.0,0.0,202.75,171,20.0,GABRP
204623_at,4,0.0,0.0,239.75,217,20.0,TFF3
207996_s_at,4,0.0,0.0,205.0,122,20.0,LDLRAD4
220220_at,4,0.0,0.0,117.5,75,20.0,LRRC37A4P
219734_at,4,0.0,0.0,154.25,85,20.0,SIDT1
208072_s_at,4,0.0,0.0,206.5,129,20.0,DGKD
212494_at,4,0.0,0.0,228.0,145,20.0,TNS2
220581_at,4,0.0,0.0,177.0,76,20.0,CCDC170
220239_at,4,0.0011621623,0.0,109.75,51,20.0,KLHL7
40569_at,4,0.0,0.0,128.25,105,20.0,MZF1
232238_at,4,0.0,0.0,164.25,92,20.0,ASPM
210056_at,4,0.0005638859,0.0,196.75,60,20.0,RND1
233977_at,4,0.0,0.0,149.75,72,20.0,GREB1L
236934_at,4,0.0,0.0,138.0,78,20.0,
201195_s_at,4,0.057011724,0.031639874,23.0,6,20.0,SLC7A5
235851_s_at,4,0.0015058072,0.0,120.75,60,20.0,
1552619_a_at,4,0.003484705,0.0,134.0,34,20.0,ANLN
1554179_s_at,4,0.006289269,0.006119371,144.5,33,20.0,LYNX1
203625_x_at,3,0.0,0.0,163.33333333333334,107,15.0,SKP2
224909_s_at,3,0.0,0.0,158.66666666666666,62,15.0,PREX1
224907_s_at,3,0.0,0.0,144.0,68,15.0,SH3GLB2
202188_at,3,0.0,0.0,122.0,81,15.0,NUP93
201774_s_at,3,0.0016399856,0.0,93.33333333333333,54,15.0,NCAPD2
228468_at,3,0.0,0.0,182.33333333333334,93,15.0,MASTL
1555460_a_at,3,0.0,0.0,188.33333333333334,147,15.0,SLC39A6
231592_at,3,0.0014305096,0.0,160.66666666666666,52,15.0,TSIX
242108_at,3,0.0,0.0,133.66666666666666,109,15.0,
237778_at,3,0.0,0.0,161.0,104,15.0,
229010_at,3,0.0,0.0,243.66666666666666,218,15.0,CBL
219493_at,3,0.00204872,0.0,115.33333333333333,47,15.0,SHCBP1
210147_at,3,0.0,0.0,246.66666666666666,146,15.0,ART3
204649_at,3,0.0,0.0,260.3333333333333,254,15.0,TROAP
200822_x_at,3,0.0,0.0,177.66666666666666,121,15.0,TPI1
237301_at,3,0.0019342544,0.0,100.33333333333333,48,15.0,
221922_at,3,0.0010579014,0.0,125.0,63,15.0,GPSM2
209421_at,3,0.0030084036,0.0,120.33333333333333,44,15.0,MSH2
220172_at,3,0.0,0.0,124.66666666666667,73,15.0,DCAF17
229964_at,3,0.0,0.0,243.0,213,15.0,C9orf152
1562836_at,3,0.036077704,0.041053507,22.0,12,15.0,DDX6
230748_at,3,0.0053532072,0.0065578814,107.66666666666667,40,15.0,SLC16A6
212196_at,3,0.01270604,0.0,109.33333333333333,19,15.0,IL6ST
235606_at,3,0.0,0.0,180.66666666666666,159,15.0,DUBR
235551_at,3,0.0037504453,0.0,107.0,30,15.0,
212256_at,3,0.0013367234,0.0,164.0,54,15.0,GALNT10
219233_s_at,3,0.010697679,0.0071407757,86.66666666666667,23,15.0,GSDMB
212501_at,3,0.0,0.0,200.33333333333334,148,15.0,CEBPB
200052_s_at,3,0.0,0.0,157.33333333333334,106,15.0,ILF2
225612_s_at,3,0.0,0.0,185.66666666666666,140,15.0,B3GNT5
204500_s_at,3,0.0013618112,0.0,177.0,41,15.0,AGTPBP1
215696_s_at,3,0.0,0.0,212.66666666666666,189,15.0,SEC16A
1554063_at,3,0.0067045814,0.0054961396,47.333333333333336,35,15.0,ZHX1-C8orf76
204437_s_at,3,0.0,0.0,237.33333333333334,188,15.0,FOLR1
225334_at,3,0.015755586,0.0,111.33333333333333,16,15.0,BORCS7
217834_s_at,3,0.0,0.0,185.66666666666666,182,15.0,SYNCRIP
201755_at,3,0.0,0.0,102.33333333333333,65,15.0,MCM5
213007_at,3,0.0,0.0,194.33333333333334,170,15.0,FANCI
226273_at,3,0.0,0.0,129.33333333333334,105,15.0,CLCN5
201197_at,3,0.0,0.0,113.33333333333333,99,15.0,AMD1
238075_at,3,0.0,0.0,187.66666666666666,110,15.0,CHEK1
213097_s_at,3,0.0,0.0,213.0,164,15.0,DNAJC2
213707_s_at,3,0.0046595805,0.0067452956,119.0,43,15.0,DLX5
205030_at,3,0.0,0.0,210.0,192,15.0,FABP7
203764_at,3,0.0,0.0,192.66666666666666,154,15.0,DLGAP5
204203_at,3,0.0,0.0,233.66666666666666,179,15.0,CEBPG
214205_x_at,2,0.011226214,0.011226214,46.0,30,10.0,GLRX3
229948_at,2,0.0035899815,0.0035899815,76.5,43,10.0,
214153_at,2,0.0,0.0,252.5,240,10.0,ELOVL5
230178_s_at,2,0.0,0.0,166.0,112,10.0,ELP2
204497_at,2,0.0,0.0,218.0,177,10.0,ADCY9
202385_s_at,2,0.0026680953,0.0026680953,84.5,45,10.0,TCOF1
219415_at,2,0.0,0.0,148.0,99,10.0,TTYH1
219327_s_at,2,0.00994556,0.00994556,112.0,23,10.0,GPRC5C
219306_at,2,0.0,0.0,206.5,206,10.0,KIF15
218239_s_at,2,0.0,0.0,86.0,81,10.0,GTPBP4
218931_at,2,0.0,0.0,137.0,77,10.0,RAB17
218585_s_at,2,0.0,0.0,139.0,81,10.0,DTL
218813_s_at,2,0.0,0.0,174.0,152,10.0,SH3GLB2
232914_s_at,2,0.02496343,0.02496343,23.0,18,10.0,SYTL2
222037_at,2,0.0,0.0,152.5,107,10.0,MCM4
202815_s_at,2,0.0,0.0,121.5,73,10.0,HEXIM1
205167_s_at,2,0.0,0.0,186.5,186,10.0,CDC25C
224674_at,2,0.0811009,0.0811009,10.5,10,10.0,TTYH3
227787_s_at,2,0.0,0.0,257.0,230,10.0,MED30
227833_s_at,2,0.0,0.0,229.5,228,10.0,MBD6
227966_s_at,2,0.0437382,0.0437382,17.0,16,10.0,CCDC74A
223438_s_at,2,0.0,0.0,92.5,63,10.0,PPARA
223274_at,2,0.0,0.0,150.5,72,10.0,TCF19
225311_at,2,0.0,0.0,105.5,76,10.0,IVD
206273_at,2,0.0,0.0,177.0,117,10.0,PRELID3A
228565_at,2,0.0,0.0,251.0,224,10.0,MAP3K21
236465_at,2,0.04947072,0.04947072,17.5,14,10.0,RNF175
225431_x_at,2,0.0,0.0,232.0,230,10.0,PM20D2
206140_at,2,0.009788003,0.009788003,36.5,33,10.0,LHX2
228827_at,2,0.0,0.0,108.0,96,10.0,RUNX1T1
229072_at,2,0.0,0.0,256.0,227,10.0,RAB30
229088_at,2,0.0034749934,0.0034749934,55.5,55,10.0,ENPP1
205543_at,2,0.033512138,0.033512138,29.5,14,10.0,HSPA4L
229130_at,2,0.0,0.0,260.5,237,10.0,
213077_at,2,0.0083535835,0.0083535835,44.5,41,10.0,YTHDC2
223062_s_at,2,0.0,0.0,142.0,60,10.0,PSAT1
222457_s_at,2,0.0014188872,0.0014188872,78.0,63,10.0,LIMA1
213304_at,2,0.0,0.0,274.5,259,10.0,TOGARAM1
229764_at,2,0.0,0.0,249.5,222,10.0,TPRG1
227081_at,2,0.0,0.0,126.0,83,10.0,DNALI1
243241_at,2,0.0,0.0,192.0,87,10.0,
211080_s_at,2,0.002348845,0.002348845,164.5,68,10.0,NEK2
230788_at,2,0.0,0.0,197.5,175,10.0,GCNT2
210246_s_at,2,0.0,0.0,204.0,141,10.0,ABCC8
210115_at,2,0.0,0.0,146.0,145,10.0,RPL39L
235911_at,2,0.0,0.0,151.0,147,10.0,MELTF
233055_at,2,0.0,0.0,115.0,69,10.0,
200877_at,2,0.0,0.0,198.5,122,10.0,CCT4
212764_at,2,0.0,0.0,219.0,190,10.0,ZEB1
215659_at,2,0.0,0.0,224.0,183,10.0,GSDMB
219687_at,2,0.0,0.0,119.5,79,10.0,HHAT
35666_at,2,0.008872669,0.008872669,67.5,28,10.0,SEMA3F
1563591_at,2,0.018697182,0.018697182,34.5,19,10.0,LOC101928269
244780_at,2,0.0,0.0,148.0,115,10.0,SGPP2
201276_at,2,0.0,0.0,251.5,225,10.0,RAB5B
239723_at,2,0.0,0.0,135.5,96,10.0,
231316_at,2,0.0,0.0,259.5,220,10.0,
214487_s_at,2,0.0,0.0,136.0,99,10.0,RAP2B
201196_s_at,2,0.0024500552,0.0024500552,95.5,51,10.0,AMD1
235938_at,2,0.0,0.0,129.5,105,10.0,ARMC9
212441_at,2,0.0037741635,0.0037741635,141.0,37,10.0,KIAA0232
212430_at,2,0.0019766574,0.0019766574,108.0,73,10.0,RBM38
215945_s_at,2,0.0,0.0,212.5,183,10.0,TRIM2
235545_at,2,0.0,0.0,98.5,98,10.0,DEPDC1
212219_at,2,0.0,0.0,200.5,155,10.0,PSME4
201976_s_at,2,0.010641078,0.010641078,125.0,20,10.0,MYO10
244375_at,2,0.0,0.0,173.5,105,10.0,
211084_x_at,2,0.0,0.0,221.5,146,10.0,PRKD3
218350_s_at,2,0.0,0.0,80.0,77,10.0,GMNN
212744_at,2,0.0,0.0,148.5,132,10.0,BBS4
227106_at,1,0.0,0.0,222.0,222,5.0,TMEM198B
214595_at,1,0.0,0.0,265.0,265,5.0,KCNG1
214724_at,1,0.0,0.0,188.0,188,5.0,DIXDC1
227249_at,1,0.0,0.0,272.0,272,5.0,NDE1
227331_at,1,0.0,0.0,201.0,201,5.0,ZNF740
227481_at,1,0.046754718,0.046754718,14.0,14,5.0,CNKSR3
227568_at,1,0.0,0.0,225.0,225,5.0,HECTD2
51158_at,1,0.0,0.0,184.0,184,5.0,FAM174B
202932_at,1,0.010826562,0.010826562,30.0,30,5.0,YES1
203117_s_at,1,0.0,0.0,158.0,158,5.0,PAN2
203276_at,1,0.0,0.0,156.0,156,5.0,LMNB1
214703_s_at,1,0.0,0.0,100.0,100,5.0,MAN2B2
226137_at,1,0.0,0.0,142.0,142,5.0,ZFHX3
225996_at,1,0.0,0.0,238.0,238,5.0,LONRF2
203933_at,1,0.0,0.0,176.0,176,5.0,RAB11FIP3
212692_s_at,1,0.0,0.0,148.0,148,5.0,LRBA
204072_s_at,1,0.0,0.0,152.0,152,5.0,FRY
204139_x_at,1,0.0,0.0,176.0,176,5.0,MZF1
204244_s_at,1,0.0,0.0,263.0,263,5.0,DBF4
204267_x_at,1,0.0,0.0,166.0,166,5.0,PKMYT1
215723_s_at,1,0.0,0.0,255.0,255,5.0,PLD1
203130_s_at,1,0.006981529,0.006981529,36.0,36,5.0,KIF5C
226405_s_at,1,0.0,0.0,293.0,293,5.0,ARRDC1
215509_s_at,1,0.0,0.0,258.0,258,5.0,BUB1
215221_at,1,0.0,0.0,102.0,102,5.0,
215171_s_at,1,0.0,0.0,263.0,263,5.0,TIMM17A
226594_at,1,0.0,0.0,154.0,154,5.0,ENTPD5
214800_x_at,1,0.005450668,0.005450668,48.0,48,5.0,BTF3
226822_at,1,0.0,0.0,279.0,279,5.0,STOX2
226921_at,1,0.0,0.0,200.0,200,5.0,UBR1
227061_at,1,0.0,0.0,195.0,195,5.0,
204444_at,1,0.0,0.0,109.0,109,5.0,KIF11
219510_at,1,0.0,0.0,143.0,143,5.0,POLQ
229097_at,1,0.0,0.0,83.0,83,5.0,DIAPH3
229170_s_at,1,0.0,0.0,271.0,271,5.0,CFAP70
210074_at,1,0.0,0.0,294.0,294,5.0,CTSV
210005_at,1,0.010435957,0.010435957,38.0,38,5.0,GART
209891_at,1,0.0,0.0,146.0,146,5.0,SPC25
209696_at,1,0.0,0.0,239.0,239,5.0,FBP1
1564307_a_at,1,0.0,0.0,111.0,111,5.0,A2ML1
1562648_at,1,0.0,0.0,127.0,127,5.0,CCDC88A
230323_s_at,1,0.0,0.0,234.0,234,5.0,TMEM45B
239758_at,1,0.0,0.0,237.0,237,5.0,
202371_at,1,0.0,0.0,123.0,123,5.0,TCEAL4
202483_s_at,1,0.0,0.0,128.0,128,5.0,RANBP1
232286_at,1,0.0,0.0,164.0,164,5.0,
235442_at,1,0.0,0.0,97.0,97,5.0,STEEP1
232614_at,1,0.010133256,0.010133256,32.0,32,5.0,
232865_at,1,0.0064698076,0.0064698076,46.0,46,5.0,AFF4
235238_at,1,0.0,0.0,74.0,74,5.0,SHC4
235177_at,1,0.0,0.0,103.0,103,5.0,METTL21A
233691_at,1,0.0,0.0,152.0,152,5.0,
233110_s_at,1,0.0,0.0,157.0,157,5.0,BCL2L12
230757_at,1,0.0,0.0,216.0,216,5.0,
1555780_a_at,1,0.0043438836,0.0043438836,72.0,72,5.0,RHEB
240625_at,1,0.0039175334,0.0039175334,59.0,59,5.0,
240552_at,1,0.0,0.0,100.0,100,5.0,
240517_at,1,0.0,0.0,112.0,112,5.0,CBS
203693_s_at,1,0.0,0.0,184.0,184,5.0,E2F3
227657_at,1,0.0,0.0,243.0,243,5.0,RNF150
239614_x_at,1,0.0042903973,0.0042903973,52.0,52,5.0,
228069_at,1,0.0,0.0,282.0,282,5.0,MTFR2
228252_at,1,0.009671695,0.009671695,36.0,36,5.0,PIF1
228302_x_at,1,0.005849639,0.005849639,50.0,50,5.0,CAMK2N1
219583_s_at,1,0.0,0.0,199.0,199,5.0,SPATA7
228303_at,1,0.0,0.0,229.0,229,5.0,GALNT6
228323_at,1,0.0,0.0,285.0,285,5.0,KNL1
201407_s_at,1,0.0046898206,0.0046898206,52.0,52,5.0,PPP1CB
201292_at,1,0.0,0.0,76.0,76,5.0,TOP2A
228528_at,1,0.0,0.0,200.0,200,5.0,MIR29C
228564_at,1,0.0,0.0,281.0,281,5.0,LINC01116
232001_at,1,0.0,0.0,151.0,151,5.0,PRKCQ-AS1
231960_at,1,0.0,0.0,117.0,117,5.0,BRWD1
228602_at,1,0.0,0.0,226.0,226,5.0,SGCD
228729_at,1,0.0,0.0,84.0,84,5.0,CCNB1
228820_at,1,0.0131674195,0.0131674195,38.0,38,5.0,XPNPEP3
237376_at,1,0.004123095,0.004123095,52.0,52,5.0,
242898_at,1,0.0,0.0,112.0,112,5.0,EIF2AK2
243030_at,1,0.0,0.0,251.0,251,5.0,
243170_at,1,0.0,0.0,102.0,102,5.0,
243304_at,1,0.0,0.0,102.0,102,5.0,
1567213_at,1,0.0,0.0,121.0,121,5.0,PNN
1552277_a_at,1,0.0,0.0,228.0,228,5.0,MSANTD3
1569868_s_at,1,0.04206963,0.04206963,17.0,17,5.0,EME2
241696_at,1,0.0,0.0,113.0,113,5.0,CNTLN
1558959_at,1,0.0,0.0,210.0,210,5.0,HYCC2
219786_at,1,0.010203599,0.010203599,31.0,31,5.0,TESMIN
219787_s_at,1,0.0,0.0,200.0,200,5.0,ECT2
220011_at,1,0.0,0.0,99.0,99,5.0,AUNIP
220060_s_at,1,0.0,0.0,83.0,83,5.0,PARPBP
220296_at,1,0.0,0.0,203.0,203,5.0,
225064_at,1,0.0,0.0,86.0,86,5.0,RABEP1
218313_s_at,1,0.0039132815,0.0039132815,74.0,74,5.0,GALNT7
212220_at,1,0.0,0.0,156.0,156,5.0,PSME4
212239_at,1,0.0,0.0,154.0,154,5.0,PIK3R1
212247_at,1,0.0,0.0,236.0,236,5.0,NUP205
212299_at,1,0.0,0.0,155.0,155,5.0,NEK9
212510_at,1,0.0,0.0,259.0,259,5.0,GPD1L
218394_at,1,0.0,0.0,189.0,189,5.0,ROGDI
218554_s_at,1,0.0,0.0,266.0,266,5.0,ASH1L
218719_s_at,1,0.0,0.0,251.0,251,5.0,GINS3
218730_s_at,1,0.0,0.0,201.0,201,5.0,OGN
218807_at,1,0.0,0.0,95.0,95,5.0,VAV3
218886_at,1,0.0,0.0,72.0,72,5.0,PAK1IP1
218894_s_at,1,0.0,0.0,85.0,85,5.0,MAGOHB
220941_s_at,1,0.0,0.0,78.0,78,5.0,C21orf91
221012_s_at,1,0.0,0.0,213.0,213,5.0,TRIM8
220613_s_at,1,0.06285351,0.06285351,11.0,11,5.0,SYTL2
238508_at,1,0.0,0.0,168.0,168,5.0,DBF4B
239170_at,1,0.0,0.0,169.0,169,5.0,ACTR3
243878_at,1,0.0,0.0,133.0,133,5.0,
244420_at,1,0.0,0.0,116.0,116,5.0,
244696_at,1,0.0,0.0,106.0,106,5.0,
1556345_s_at,1,0.0,0.0,141.0,141,5.0,
200980_s_at,1,0.0,0.0,137.0,137,5.0,PDHA1
1553145_at,1,0.013464104,0.013464104,36.0,36,5.0,TAPT1-AS1
1553613_s_at,1,0.0,0.0,119.0,119,5.0,FOXC1
1554242_a_at,1,0.0,0.0,215.0,215,5.0,COCH
1554478_a_at,1,0.0,0.0,213.0,213,5.0,HEATR3
1555434_a_at,1,0.0,0.0,148.0,148,5.0,SLC39A14
201125_s_at,1,0.0,0.0,66.0,66,5.0,ITGB5
201170_s_at,1,0.0,0.0,223.0,223,5.0,BHLHE40
242752_at,1,0.0,0.0,94.0,94,5.0,PPM1K
236037_at,1,0.0,0.0,170.0,170,5.0,ARFGEF3
236237_at,1,0.0,0.0,107.0,107,5.0,
201890_at,1,0.0,0.0,68.0,68,5.0,RRM2
201970_s_at,1,0.0,0.0,70.0,70,5.0,NASP
202147_s_at,1,0.0,0.0,288.0,288,5.0,IFRD1
202341_s_at,1,0.031188818,0.031188818,24.0,24,5.0,TRIM2
1555982_at,1,0.0,0.0,146.0,146,5.0,ZFYVE16
237881_at,1,0.0,0.0,167.0,167,5.0,
1557283_a_at,1,0.008207589,0.008207589,38.0,38,5.0,ZNF519
1557452_at,1,0.0,0.0,211.0,211,5.0,
1558164_s_at,1,0.0,0.0,171.0,171,5.0,PEX13
1558365_at,1,0.0,0.0,149.0,149,5.0,PGK1
1560869_a_at,1,0.0,0.0,128.0,128,5.0,
241789_at,1,0.0,0.0,139.0,139,5.0,RBMS3
242600_at,1,0.0,0.0,149.0,149,5.0,FRMD3
235977_at,1,0.0,0.0,160.0,160,5.0,LONRF2
204613_at,1,0.0027861206,0.0027861206,61.0,61,5.0,PLCG2
204667_at,1,0.0,0.0,215.0,215,5.0,FOXA1
204695_at,1,0.0,0.0,255.0,255,5.0,CDC25A
204768_s_at,1,0.0,0.0,111.0,111,5.0,FEN1
204792_s_at,1,0.0,0.0,216.0,216,5.0,IFT140
204886_at,1,0.0,0.0,109.0,109,5.0,PLK4
204913_s_at,1,0.008115908,0.008115908,36.0,36,5.0,SOX11
205066_s_at,1,0.016544443,0.016544443,35.0,35,5.0,ENPP1
205250_s_at,1,0.0,0.0,112.0,112,5.0,CEP290
224990_at,1,0.0,0.0,226.0,226,5.0,SMIM14
225197_at,1,0.014296288,0.014296288,26.0,26,5.0,
225363_at,1,0.0,0.0,72.0,72,5.0,PTEN
212770_at,1,0.0,0.0,134.0,134,5.0,TLE3
212914_at,1,0.0,0.0,160.0,160,5.0,CBX7
207134_x_at,1,0.0,0.0,191.0,191,5.0,TPSB2
213011_s_at,1,0.0,0.0,289.0,289,5.0,TPI1
213497_at,1,0.0,0.0,187.0,187,5.0,ABTB2
216056_at,1,0.0,0.0,97.0,97,5.0,CD44
216300_x_at,1,0.0,0.0,263.0,263,5.0,RARA
216397_s_at,1,0.0,0.0,99.0,99,5.0,MIR7112
216840_s_at,1,0.0,0.0,185.0,185,5.0,LAMA2
217077_s_at,1,0.0,0.0,188.0,188,5.0,GABBR2
217640_x_at,1,0.0,0.0,189.0,189,5.0,SKA1
217914_at,1,0.0,0.0,255.0,255,5.0,TPCN1
218086_at,1,0.0,0.0,259.0,259,5.0,NPDC1
218146_at,1,0.0,0.0,192.0,192,5.0,GLT8D1
218236_s_at,1,0.0,0.0,187.0,187,5.0,PRKD3
225658_at,1,0.0,0.0,147.0,147,5.0,SPOPL
225855_at,1,0.0,0.0,97.0,97,5.0,EPB41L5
225904_at,1,0.0,0.0,139.0,139,5.0,CCSAP
212976_at,1,0.0,0.0,163.0,163,5.0,LRRC8B
208617_s_at,1,0.010906767,0.010906767,31.0,31,5.0,PTP4A2
208696_at,1,0.0,0.0,282.0,282,5.0,CCT5
208763_s_at,1,0.0,0.0,187.0,187,5.0,TSC22D3
209008_x_at,1,0.2405326,0.2405326,4.0,4,5.0,KRT8
209341_s_at,1,0.0092687365,0.0092687365,40.0,40,5.0,IKBKB
209360_s_at,1,0.0,0.0,292.0,292,5.0,LOC101928269
221685_s_at,1,0.0,0.0,194.0,194,5.0,SPDL1
222445_at,1,0.0,0.0,218.0,218,5.0,SLC39A9
222996_s_at,1,0.2859953,0.2859953,1.0,1,5.0,CXXC5
205268_s_at,1,0.0,0.0,192.0,192,5.0,ADD2
205485_at,1,0.0047828923,0.0047828923,50.0,50,5.0,RYR1
205644_s_at,1,0.0,0.0,239.0,239,5.0,SNRPG
205733_at,1,0.0,0.0,120.0,120,5.0,BLM
205891_at,1,0.0,0.0,295.0,295,5.0,ADORA2B
205933_at,1,0.1133482,0.1133482,10.0,10,5.0,SETBP1
224839_s_at,1,0.0,0.0,149.0,149,5.0,GPT2
206068_s_at,1,0.0,0.0,296.0,296,5.0,ACADL
206074_s_at,1,0.0,0.0,138.0,138,5.0,HMGA1
206227_at,1,0.0,0.0,298.0,298,5.0,CILP
206401_s_at,1,0.0,0.0,296.0,296,5.0,MAPT
206550_s_at,1,0.0,0.0,125.0,125,5.0,NUP155
207018_s_at,1,0.0,0.0,275.0,275,5.0,RAB27B
223361_at,1,0.0,0.0,65.0,65,5.0,ABRACL
223397_s_at,1,0.0,0.0,121.0,121,5.0,NIP7
223479_s_at,1,0.0,0.0,75.0,75,5.0,CHCHD5
223547_at,1,0.0,0.0,46.0,46,5.0,JKAMP
224191_x_at,1,0.0,0.0,61.0,61,5.0,ROPN1
224206_x_at,1,0.0,0.0,135.0,135,5.0,MYNN
224471_s_at,1,0.0,0.0,137.0,137,5.0,BTRC
224516_s_at,1,0.0,0.0,66.0,66,5.0,CXXC5
224785_at,1,0.0061036563,0.0061036563,50.0,50,5.0,UBALD2
205967_at,1,0.0,0.0,183.0,183,5.0,H4C6
